628701bc8d4ae7b47846a1795a96fad8f653fb4ec45dc692f546e9bcda7201e3,SilkRoad2Market
628701bc8d4ae7b47846a1795a96fad8f653fb4ec45dc692f546e9bcda7201e3,SilkRoad2Market
2451c9ec27bd32cb26b6be8014371f804454e3030832e62a0e5d1706ca2c3075,SilkRoad2Market
52119ac5c8a99d37cc73f8af18469aeeafae2cdd15c93fb875d49d48540e0af5,SilkRoad2Market
fe9f2367711c104589cdeefd5d1258b224ad72b859a7664f6899e18a76b4c4cf,SilkRoad2Market
4f5a974701b185f703e5f4e5f6f3e07a1cc7e0d671b8e63010f8a2bf4668f845,SilkRoad2Market
386cddec62e549b039bf1bfdbfbd24a2a9c26cc166a9951fb5534a5309920fde,SilkRoad2Market
ecdb13b650eb5a416669645b71273a891bee805d7c18ee93870db08dcf81deca,SilkRoad2Market
4e99264100d8413ba446c2188722f71b328d4996120368a2b2939a045977e366,SilkRoad2Market
97b8c0a34c67f95c3b6e69510c5c43c91ee523a664460194013ae9d8c81bb036,SilkRoad2Market
e41b3e5c1e721d08f3ffad1a5578c3a1c3f3b69e25dbdb431f9d6148cff9e129,SilkRoad2Market
49d54632cca8fbf903f9c295506a58d8de07756a797952cd3a330bbc3e0c03cb,SilkRoad2Market
8d6d29dffb4a4c8b8b776dbedb6609cd755314825263f8fa7ef589813e9271c9,SilkRoad2Market
b2a3a082be466bc50a5d7d8af84f18de11d5ee51f1860e97dc46629d4d1594ee,SilkRoad2Market
6dd57f018fce34e8aba9cbe525a71d0c73f33b24664f3be627a680c1e7093e9b,SilkRoad2Market
30764bcc01b84747eaa54cdeb84c4dd2f7a69596f0f3f8e32ddf50419428c5ef,SilkRoad2Market
e5b5ab616afe0eb75a4341a5b32ed617c335d4a6632a53de7f29db627ef323a3,SilkRoad2Market
9b62a0733e65e32f7bcfce62c7a616e750bcfee32285805e0636648acad0f5f6,SilkRoad2Market
9d901b0e0110911bc123386de8f633e1359d1272be552a582c57d6da4d7f8073,SilkRoad2Market
b9fa6c15ae151f8c3f4596103c1658920658546c1c1ef3081b0470fc631e9704,SilkRoad2Market
be711d90b70e5e27f1f38a2f8487091148dcd3a9c9939c22b0be57a0e5d4a7b4,SilkRoad2Market
2171fd5452330accbd999a7f35e0836952c95001430f33cfa46c68ed9c5defc9,SilkRoad2Market
9e1f6cd1c33194e27b9f8e4449b252e96fe67ee9d96b21f1eea6aebac7142cae,SilkRoad2Market
704fc3a66f79127f489e9f536218a178315b917f0f9adf15d15b6d88eab92b72,SilkRoad2Market
32399e43251b4d06f59b46c6f7bee764c3d191c9ef2a35c0c820b642b118c58e,SilkRoad2Market
7b49345a9ce1c142455b9d9f15986c5d2549e7f143a380707a2155ed8bd14851,SilkRoad2Market
05422308547d5c6edd49247220db1de666235d589d3070a6ebaf5e6c1010ebd2,SilkRoad2Market
b1cd9e1af3307840c90487f9300c03d589276043827ab79d500f8bd1cfe332ef,SilkRoad2Market
c801b39d2a4eaf27b6dcf96287305bac565cc1935821fefd8cc80d9a462c165a,SilkRoad2Market
3908eb7f6c73a1df75741814d51599fe82b8d9e667b3a81599228ba1faf7b42d,SilkRoad2Market
89a5e4028b1cc6fdd20749bc84d77ab1fe94eee23f7bcf8fa950e9697894fd16,SilkRoad2Market
9b084640c053b928c4a66eeac9c6d4599e4ba9716f609861ff11b66ddc2b3d48,SilkRoad2Market
48509163971684af09a5522ac4a4b9930696c41f593ed35ad2832598a710a41c,SilkRoad2Market
56411fa645864a5841693ef94da4b8ea35b30c6622b0493a62b93e5df5b37856,SilkRoad2Market
b7e02c122663f9377e476a103e26dd7565cd73ce3a0390de9d8fabae1e592330,SilkRoad2Market
d6c39a5d2023c5a78d862db45a3a153c68aec19406ee15d911fdb52734f45913,SilkRoad2Market
5219d361116272658bd9f11ff9b55ca5d59d6447bd273de9bcf8e289012b7b1f,SilkRoad2Market
6aa0b249e59a3a02847bf7b5b852ebf56899916359f84ee0ab7604bbd383631d,SilkRoad2Market
90dc3c0b482d19dc9b032aa52de65d0a23df112e6264dd92dca0d8866ab9b8e5,SilkRoad2Market
eaee0e29122ce663058fb04ba193401e281cfc8b84255f50acae40a694cde668,SilkRoad2Market
af1bd1dff439f9fcef40795678b0d1d6dae3e8c6f3fb8377de086b335d58fe5f,SilkRoad2Market
8a24aff29799858ba82af4b373e4d90d3afa9c1bcc1299d18a97b0a94c9bd4fc,SilkRoad2Market
576a4cf00785461595dc192d734effa6448983f8ce96f4639394875acbfb939b,SilkRoad2Market
67b803020f731b632a68ab82236d91e8c7eaa2f7565534aab55e96f4fd306897,SilkRoad2Market
37a2cc18bf702ac4bef3a8a77c64e59dad729ff500abb46a20df2743e7634793,SilkRoad2Market
b6c5efe2f5341e1ddb6575ff3a6f2de9bfe12412d855a5eeeb501853df021440,SilkRoad2Market
292f593626affabd30248a0bdbd847eed6439b48a1d99f605a5c14c0d3f16bd3,SilkRoad2Market
c5126829899c20e91786f02fa4c3d686196eaade1225da7b527ce8b7f9588449,SilkRoad2Market
ec19725af86031f475957e0a5f0e9ca22f8927c94ac04c3e52ca3f8a760e1fa4,SilkRoad2Market
1376e44e8051c6d660186ad2aadee02eb0413cb5e3ed22c81f47be9036ae7247,SilkRoad2Market
9f0b5fccc6ff8d6422c440fe3f3490719b5ef2324bf9de5e2ff1c4ea29c43ac3,SilkRoad2Market
bc74de79be7282ea476dc949690169b881d036365cfec4c48a88f50954f2033c,SilkRoad2Market
41aa787b230d32a9e1bf84ac6748fdfc4356ed06cd2d90821ea17ae163e7540c,SilkRoad2Market
9db9d38c97dbbc01ff8a6f7b5b8a62cbbf80fec8f1b952dc2a582ef411a831c4,SilkRoad2Market
459354f0be42a4c3ee8e6a7c8856134c672d3b0c03af36df930f3031a3807f4d,SilkRoad2Market
61b554fba32e250dbec0225bbcc2ca6a63def5c8e27a01c8a8d539dd4c2a88b7,SilkRoad2Market
da9f3b080b5f7bbb9bb2186e24a78fd53a3d0f778c342f8fc7471767c675832e,SilkRoad2Market
7cd7b34ba80cdd1f91c9729a2d16efc25751d0ec70cff522c0b403f198a90329,SilkRoad2Market
9f94331eee1043bcffc9b161e73a55eb84e3af449f0cc932a877c602f20c774c,SilkRoad2Market
86f367edadb7faf537a10450777a2d00d2f459b00b3ba5c9f67e42b1e17387e6,SilkRoad2Market
5eb9ee8398b5f8fc3780b304b1426e4a12e939cccd7a480b94551750807a38b8,SilkRoad2Market
1fd0e39cbe7630d805436764a10f0d7bd37e07eca044711bed2796d5ed6ebc53,SilkRoad2Market
67dfcb9192c7b9186508c82505fb5bd9a71694defd02792e3755ecedd5b8d286,SilkRoad2Market
a7d6624597454b89ce64ca3093d8e842b5c057b063f86616d513de0cec62b62a,SilkRoad2Market
3704eb20a384aaa394613967b34c4ebd61aaedcda3b3d8a10c9969ce2ddf0f25,SilkRoad2Market
b57da9fd7985ad5857ff29b24ebaf334e0334ed640b6ce459ad12ac2836e54f7,SilkRoad2Market
36f40f1535ba3baa645df08f1a0b30a282f368183070111f7052271a41077dbc,SilkRoad2Market
bee1c32da50c6b76aa449d4657fc782a303713c06f13bf213ce49003d9993672,SilkRoad2Market
dc527a6aad6d7df9273d9161f57d706f257dddd58146ad78e5b19b38f9106637,SilkRoad2Market
bf1275a79b206b7a152cf55793607ba9ab28b480a4e1a46c1317b7353e94df3f,SilkRoad2Market
7f127af0385381d5f0e6c294b3c4d7b1aabac3b2b182799d5f6000c6010dade2,SilkRoad2Market
9bc1c6d52145c6b8295cea0e529825c4b33fd24516c9af5b717510c222350597,SilkRoad2Market
11299f44fc2f84a3f1a5486f2c111fe6d89b719bbe5bf1643925f1546826ccfb,SilkRoad2Market
e4aa99362ad74f23b6009ed7295e93c3cbd47dd465e920f44783ce2832497e7d,SilkRoad2Market
f201bf28dbebc567b8d9fbcff0e21027f579061cfa11771e7107e954175abb1b,SilkRoad2Market
048b3d2021bb50fbcc5e20d8cd6e185e6d5b1efc47d5152b52dc1f8b682220d6,SilkRoad2Market
b14fb62778e258032df2522a39dfd9defc292970f816c23a2057e072c2dbef81,SilkRoad2Market
352b8d2c40c65f1d61841b8e750fa0156d059b7d42784ba81781d667f9e1b0e2,SilkRoad2Market
5a4422b7ce27dfb79312e489522b82c243a8c1aeb969eb26a5a3cf7045ef57d0,SilkRoad2Market
3743b1e9f3b06af0655d7cf3f762e0f04a3723a0959be442af067446ea5dcf2f,SilkRoad2Market
c0b4bb8bf5a94a43f7467f6cc6e34ae7099552081a7e7baac19ce67a6c894b2f,SilkRoad2Market
a0e17276c567799bab2e3812b11f61c57b14300ed0cd0a011716e8eae365de75,SilkRoad2Market
b0202b9191081677fca7aaec79e8fbfbed58c53c8a5516b2860cf8380ca4ab2e,SilkRoad2Market
114776688b072075bd4e72ad9b5316924db068735d8c186ecb2149868b35d841,SilkRoad2Market
9c6748293b40a905ce9d74812a3a5127f08a1440be195372277c7ed09127eb22,SilkRoad2Market
5de0ac330e29da8ed43a44b78723f9f75435930018291b4abac63946e015805b,SilkRoad2Market
f3fbf378b763f469658ef53f44be05f3a7c4edd5e989ad2f6a9d1c51b88bdcfc,SilkRoad2Market
edb118fc0edc6ea71c0703df9cf122e732058ebf4139c0acb2b95dbf016f3aac,SilkRoad2Market
6d5acba26f00ebef1a97104897ea431bef9ce19c89492f10388e672ff3f3ac86,SilkRoad2Market
83d62bf167448c4bc712c098d670645eb641689e27fa91fefe25bcf14dba3e2b,SilkRoad2Market
802c970d1aabeeb5d3fcb6ab00156b5308bef9f7d98a6408860da6de36deff3e,SilkRoad2Market
05dc0347fb6495640e3ca1491b07b0e72ac8f92bff88ecf5eb9f2caabbf64da7,SilkRoad2Market
92ec484b72a7ba68886d5af1d3bb066a47a7f19d78ba6b435b118cd202ffdc89,SilkRoad2Market
dab3c52b1f2a3802130dce12eae45f92d9a36aa1d8e67e94df03c20c3a3c31c4,SilkRoad2Market
ad065a7db2ebf0c3f987d92e0ad9283116e481d6d1cb55f162107f39fea5f41b,SilkRoad2Market
098e7a0ae6de374b6701a38fd597a122c8a548b15d0f663942318394d302fd08,SilkRoad2Market
7de6458ad219a14a4a1fd4a5c60a27f0ee62f434695e426944c6809963bca8e2,SilkRoad2Market
b0e936c49971a72fab9c892ee72108cc0f574659380966d888c07ac47f0e08f2,SilkRoad2Market
4132c3253914f88ede21fd266d40367deff0cd61f212b6812624c49a2fd81e64,SilkRoad2Market
c12753802edb2a1879f3c3b14611ea05c266ec1f9156ceba9d0baef94ae62d72,SilkRoad2Market
67afe55560bdaded21de6583abf376adb826396947b2cef8b692f676110f03c5,SilkRoad2Market
